<?xml version="1.0" encoding="utf-8" ?>
<Launcher>
	<Emulators>
		<Emulator 
			SystemName="Nintendo Entertainment System"
			PartitionName="nesemu"
			HeaderBackcolor="0000"
			HeaderForecolor="FFFF"
			Path="nes"
			Extension="nes"
			CrcOffset="16"
		/>
		<Emulator 
			SystemName="Nintendo Gameboy"
			PartitionName="gnuboy"
			HeaderBackcolor="0000"
			HeaderForecolor="FFFF"
			Path="gb"
			Extension="gb"
			CrcOffset="0"
		/>
		
		<Emulator 
			SystemName="Nintendo Gameboy Color"
			PartitionName="gnuboy"
			HeaderBackcolor="0000"
			HeaderForecolor="FFFF"
			Path="gbc"
			Extension="gbc"
			CrcOffset="0"
		/>
		<Emulator 
			SystemName="Sega Master System"
			PartitionName="smsplusgx"
			HeaderBackcolor="0000"
			HeaderForecolor="FFFF"
			Path="sms"
			Extension="sms"
			CrcOffset="0"
		/>
		<Emulator 
			SystemName="Sega Game Gear"
			PartitionName="smsplusgx"
			HeaderBackcolor="0000"
			HeaderForecolor="FFFF"
			Path="gg"
			Extension="gg"
			CrcOffset="0"
		/>
		<Emulator 
			SystemName="ColecoVision"
			PartitionName="smsplusgx"
			HeaderBackcolor="0000"
			HeaderForecolor="FFFF"
			Path="col"
			Extension="col"
			CrcOffset="0"
		/>
		<Emulator 
			SystemName="Atari Lynx"
			PartitionName="lynx"
			HeaderBackcolor="0000"
			HeaderForecolor="FFFF"
			Path="lnx"
			Extension="lnx"
			CrcOffset="0"
		/>
		<Emulator 
			SystemName="Atari 2600"
			PartitionName="stella"
			HeaderBackcolor="0000"
			HeaderForecolor="FFFF"
			Path="a26"
			Extension="a26"
			CrcOffset="0"
		/>
		<Emulator 
			SystemName="Atari 7800"
			PartitionName="prosystem"
			HeaderBackcolor="0000"
			HeaderForecolor="FFFF"
			Path="a78"
			Extension="a78"
			CrcOffset="0"
		/>
		<Emulator 
			SystemName="ZX Spectrum"
			PartitionName="spectrum"
			HeaderBackcolor="0000"
			HeaderForecolor="FFFF"
			Path="spectrum"
			Extension="z80"
			CrcOffset="0"
		/>
		<Emulator 
			SystemName="PC Engine"
			PartitionName="pcengine"
			HeaderBackcolor="0000"
			HeaderForecolor="FFFF"
			Path="pce"
			Extension="pce"
			CrcOffset="0"
		/>
		<Emulator 
			SystemName="C64"
			PartitionName="frodo"
			HeaderBackcolor="0000"
			HeaderForecolor="FFFF"
			Path="c64"
			Extension="T64;D64"
			CrcOffset="0"
		/>		
		<Emulator 
			SystemName="Mulg II"
			PartitionName="mulg"
			HeaderBackcolor="0000"
			HeaderForecolor="FFFF"
			Path="mulg"
			Extension="pdb"
			CrcOffset="0"
		/>
	</Emulators>
</Launcher>